title,price,rating,count_review,availability
"ESR for iPhone 15 Pro Max Case, Compatible with MagSafe, Military-Grade Protection, Yellowing Resistant, Scratch-Resistant Back, Magnetic Phone Case for iPhone 15 Pro Max, Classic Series, Clear",$15.29,4.3 out of 5 stars,"102,906 ratings",In Stock
"BENTOBEN for iPhone 15 Pro Max Case,iPhone 15 Pro Max Magnetic Phone Case [Compatible with MagSafe] Translucent Matte Shockproof Women Men Protective Case Cover for iPhone 15 Pro Max 6.7"",Hot Pink",$11.99,4.4 out of 5 stars,776 ratings,In Stock
"ESR for iPhone 15 Pro Max Case, Compatible with MagSafe, Military-Grade Protection, Yellowing Resistant, Scratch-Resistant Back, Magnetic Phone Case for iPhone 15 Pro Max, Classic Series, Clear",$15.29,4.6 out of 5 stars,"102,906 ratings",In Stock
"OtterBox iPhone 15 Pro MAX (Only) Commuter Series Case - Black, Slim & Tough, Pocket-Friendly, with Port Protection",$36.81,4.6 out of 5 stars,"1,324 ratings",In Stock
"OtterBox iPhone 15 Pro MAX (Only) Defender Series Case - Black, Screenless, Rugged & Durable, with Port Protection, Includes Holster Clip Kickstand",$38.35,4.6 out of 5 stars,649 ratings,In Stock
"CASEKOO Designed for iPhone 15 Pro Max Case with Magnetic Invisible Stand [Military Drop Protection] [Compatible with MagSafe] Shockproof Slim Translucent Matte Promax Case 6.7 Inch 2023, Black",$29.98,4.5 out of 5 stars,"11,092 ratings",In Stock
"OtterBox iPhone 15 Pro MAX (Only) Defender Series XT Clear Case - Mountain Frost (Clear), screenless, Rugged, Snaps to MagSafe, Lanyard Attachment",$49.95,4.5 out of 5 stars,273 ratings,In Stock
"Miracase Magnetic Series for iPhone 15 Pro Max Case [Compatible with MagSafe] [with 2X Screen Protectors] Military-Grade Protection, Anti-Fingerprint, Slim Phone Case for iPhone 15 Pro Max - Black",$16.99,4.5 out of 5 stars,"2,839 ratings",In Stock
"DEERLAMN Case for iPhone 15 Pro Max with Slide Camera Cover+Screen Protector(1 Pack), Rotated Ring Kickstand Military Grade Shockproof Protective Cover 6.7 Inch-Red",$14.99,4.3 out of 5 stars,154 ratings,In Stock
"MYBAT PRO Maverick Series iPhone 15 Pro Max Case with Belt Clip Holster,[Compatible with Magsafe] w/Screen Protector,Anti-Drop,Shockproof,with 360°Rotating Kickstand,Heavy Duty Protection Black",$32.99,4.4 out of 5 stars,"1,164 ratings",In Stock
"Anker Magnetic Phone Case for iPhone 15 Pro Max Case, Anti-Slip and Drop-Proof Protective Cover with 360° Ring Stand, iPhone Case Compatible with MagSafe, Exclusively Designed for iPhone 15 Pro Max",$29.99,3.9 out of 5 stars,755 ratings,In Stock
"Compatible with iPhone 15 Pro Max Case, Liquid Silicone Case, Full Body Shockproof Protective Cover Slim Thin Phone Case with Soft Anti-Scratch Microfiber Lining, 6.7 inch- Tender Pink",$9.97,4.6 out of 5 stars,533 ratings,In Stock
"ESR for iPhone 15 Pro Max Case, Compatible with MagSafe, Military-Grade Protective Case, Built-in Stash Stand Phone Case, Scratch-Resistant Back Cover, Classic Series, Clear",$19.99,4.6 out of 5 stars,"23,513 ratings",In Stock
"Misea Magnetic for iPhone 15 Pro Max Case with MagSafe [Never Yellowing] [Military Grade Drop Protection] Full Camera Lens Protector Plating Soft Clear Phone Case for Women Girls, Gold",$9.99,4.6 out of 5 stars,"2,119 ratings",In Stock
"Magnetic for iPhone 15 Pro Max Case, Compatible with MagSafe, [Full Camera Protection][2 Screen Protectors] Silicone Shockproof Protective Phone Case for iPhone 15 Pro Max 6.7"", Calke Green",$9.99,4.4 out of 5 stars,829 ratings,In Stock
"Upgraded Magnetic for iPhone 15 Pro Max Case [Compatible with Magsafe] [Mil-Grade Protection], Pocket-Friendly, Slim Translucent Phone Case Cover for iPhone 15 Pro Max 6.7"", Hot Pink",$9.99,4.7 out of 5 stars,121 ratings,In Stock
"MOCCA Strong Magnetic for iPhone 15 Pro Max Case, [Compatible with Magsafe][13FT Military Drop Protection] Slim Translucent Matte Shockproof Case for iPhone 15 ProMax Case 6.7'', Pink",$11.59,4.4 out of 5 stars,573 ratings,In Stock
"Tigowos for iPhone 15 Pro Max case Fits MagSafe 10FT Drop Resistant Matte Skin Feeling Shockproof Back Cover Fits iPhone 15 Pro Max Phone Cases, Titanium Black",$19.17,4.4 out of 5 stars,"1,562 ratings",In Stock
"Miracase Magnetic for iPhone 15 Pro Max Case 6.7'' [Compatible with Magsafe] Full-Body Drop Proof Bumper Phone Case for iPhone 15 Pro Max with Built-in 9H Tempered Glass Screen Protector,Blue",$17.95,4.4 out of 5 stars,"108,430 ratings",In Stock
"Designed for iPhone 15 Pro Max Case, Compatible with MagSafe, with Privacy Screen Protectors X2, [Camera Protection] [15FT Military Drop Protection] Shockproof Phone Case, 6.7"", Black",$15.99,4.6 out of 5 stars,736 ratings,In Stock
"OtterBox iPhone 15 Pro MAX (Only) Defender Series XT Clear Case - Dark Side (Black/Clear), Screenless, Rugged, Snaps to MagSafe, Lanyard Attachment (Ships in Polybag, Ideal for Business Customers)",$55.95,4.5 out of 5 stars,313 ratings,In Stock
"Compatible with iPhone 15 Pro Max Case Glitter Clear, [5 in 1] with 2X Screen Protector + 2X Camera Lens Protector, Cute Bling Military Grade Shockproof Slim Phone Case 6.7 Inch, Shiny Clear",$9.99,4.6 out of 5 stars,"1,252 ratings",In Stock
Apple iPhone 15 Pro Max Silicone Case with MagSafe - Winter Blue,$43.21,4.1 out of 5 stars,"5,013 ratings",
"OtterBox iPhone 15 Pro MAX (Only) Defender Series XT Clear Case - Dark Side (Black/Clear), Screenless, Rugged, Snaps to MagSafe, Lanyard Attachment",$40.59,4.6 out of 5 stars,427 ratings,In Stock
"Rokform - iPhone 15 Pro Max Case, Rugged Series, Magnetic 15 Pro Max Cover with RokLock Twist Lock, Drop Tested Armor (Black)",$69.99,4.5 out of 5 stars,"1,672 ratings",In Stock
"OtterBox iPhone 15 Pro MAX (Only) Symmetry Series Case - BLUETIFUL (Blue), Snaps to MagSafe, Ultra-Sleek, Raised Edges Protect Camera & Screen",$25.85,4.4 out of 5 stars,302 ratings,In Stock
"OtterBox iPhone 15 Pro MAX (Only) Defender Series XT Clear Case - Mountain Frost (Clear), screenless, Rugged, Snaps to MagSafe, Lanyard Attachment",$49.95,4.5 out of 5 stars,273 ratings,In Stock
